canonical,espn,net,kenpom,bpi,ap,sos,warrennolan
Abilene Christian,Abilene Christian,Abilene Christian,Abilene Christian,Abilene Christian,Abilene Christian,Abilene Christian,Abilene Christian
Air Force,Air Force,Air Force,Air Force,Air Force,Air Force,Air Force,Air Force
Akron,Akron,Akron,Akron,Akron,Akron,Akron,Akron
Alabama,Alabama,Alabama,Alabama,Alabama,Alabama,Alabama,Alabama
Alabama A&M,Alabama A&M,Alabama A&M,Alabama A&M,Alabama A&M,Alabama A&M,Alabama A&M,Alabama A&M
Alabama State,Alabama State,Alabama State,Alabama State,Alabama State,Alabama State,Alabama St.,Alabama State
Albany,Albany,Albany,Albany,Albany,Albany,Albany,Albany
Alcorn State,Alcorn State,Alcorn State,Alcorn State,Alcorn State,Alcorn State,Alcorn St.,Alcorn State
American,American,American,American,American,American,American,American University
Appalachian State,Appalachian State,Appalachian State,Appalachian St.,Appalachian State,Appalachian State,Appalachian St.,Appalachian State
Arizona,Arizona,Arizona,Arizona,Arizona,Arizona,Arizona,Arizona
Arizona State,Arizona State,Arizona State,Arizona St.,Arizona State,Arizona State,Arizona St.,Arizona State
Arkansas,Arkansas,Arkansas,Arkansas,Arkansas,Arkansas,Arkansas,Arkansas
Arkansas-Pine Bluff,Arkansas-Pine Bluff,Arkansas-Pine Bluff,Arkansas-Pine Bluff,Arkansas-Pine Bluff,Arkansas-Pine Bluff,Arkansas-Pine Bluff,Arkansas-Pine Bluff
Arkansas State,Arkansas State,Arkansas State,Arkansas St.,Arkansas State,Arkansas State,Arkansas St.,Arkansas State
Army,Army,Army,Army,Army West Point,Army,Army,Army
Auburn,Auburn,Auburn,Auburn,Auburn,Auburn,Auburn,Auburn
Austin Peay,Austin Peay,Austin Peay,Austin Peay,Austin Peay,Austin Peay,Austin Peay,Austin Peay
Ball State,Ball State,Ball State,Ball St.,Ball State,Ball State,Ball St.,Ball State
Baylor,Baylor,Baylor,Baylor,Baylor,Baylor,Baylor,Baylor
Bellarmine,Bellarmine,Bellarmine,Bellarmine,Bellarmine,Bellarmine,Bellarmine,Bellarmine
Belmont,Belmont,Belmont,Belmont,Belmont,Belmont,Belmont,Belmont
Bethune-Cookman,Bethune-Cookman,Bethune-Cookman,Bethune-Cookman,Bethune-Cookman,Bethune-Cookman,Bethune-Cookman,Bethune-Cookman
Binghamton,Binghamton,Binghamton,Binghamton,Binghamton,Binghamton,Binghamton,Binghamton
Boise State,Boise State,Boise State,Boise St.,Boise State,Boise State,Boise St.,Boise State
Boston College,Boston College,Boston College,Boston College,Boston College,Boston College,Boston College,Boston College
Boston University,Boston University,Boston University,Boston University,Boston University,Boston University,Boston U.,Boston University
Bowling Green,Bowling Green,Bowling Green,Bowling Green,Bowling Green,Bowling Green,Bowling Green,Bowling Green
Bradley,Bradley,Bradley,Bradley,Bradley,Bradley,Bradley,Bradley
Brown,Brown,Brown,Brown,Brown,Brown,Brown,Brown
Bryant,Bryant,Bryant,Bryant,Bryant,Bryant,Bryant,Bryant
Bucknell,Bucknell,Bucknell,Bucknell,Bucknell,Bucknell,Bucknell,Bucknell
Buffalo,Buffalo,Buffalo,Buffalo,Buffalo,Buffalo,Buffalo,Buffalo
Butler,Butler,Butler,Butler,Butler,Butler,Butler,Butler
BYU,BYU,BYU,BYU,BYU,BYU,BYU,BYU
Cal Baptist,Cal Baptist,Cal Baptist,Cal Baptist,Cal Baptist,California Baptist,Cal Baptist,California Baptist
Cal Poly,Cal Poly,Cal Poly,Cal Poly,Cal Poly,Cal Poly,Cal Poly,Cal Poly
Cal State Bakersfield,Cal State Bakersfield,Cal State Bakersfield,Cal St. Bakersfield,Cal State Bakersfield,Cal State Bakersfield,CS Bakersfield,CS Bakersfield
Cal State Fullerton,Cal State Fullerton,Cal State Fullerton,Cal St. Fullerton,Cal State Fullerton,Cal State Fullerton,CS Fullerton,CS Fullerton
Cal State Northridge,Cal State Northridge,Cal State Northridge,Cal St. Northridge,Cal State Northridge,Cal State Northridge,CS Northridge,CS Northridge
California,California,California,California,California,California,California,California
Campbell,Campbell,Campbell,Campbell,Campbell,Campbell,Campbell,Campbell
Canisius,Canisius,Canisius,Canisius,Canisius,Canisius,Canisius,Canisius
Central Arkansas,Central Arkansas,Central Arkansas,Central Arkansas,Central Arkansas,Central Arkansas,Central Arkansas,Central Arkansas
Central Connecticut,Central Connecticut,Central Connecticut,Central Connecticut,Central Connecticut,Central Connecticut,Central Conn. St.,Central Connecticut
Central Michigan,Central Michigan,Central Michigan,Central Michigan,Central Michigan,Central Michigan,Central Michigan,Central Michigan
Charleston,Charleston,Charleston,Charleston,Charleston,Charleston,Charleston,College of Charleston
Charleston Southern,Charleston Southern,Charleston Southern,Charleston So.,Charleston Southern,Charleston Southern,Charleston So.,Charleston Southern
Charlotte,Charlotte,Charlotte,Charlotte,Charlotte,Charlotte,Charlotte,Charlotte
Chattanooga,Chattanooga,Chattanooga,Chattanooga,Chattanooga,Chattanooga,Chattanooga,Chattanooga
Chicago State,Chicago State,Chicago State,Chicago St.,Chicago State,Chicago State,Chicago St.,Chicago State
Cincinnati,Cincinnati,Cincinnati,Cincinnati,Cincinnati,Cincinnati,Cincinnati,Cincinnati
Clemson,Clemson,Clemson,Clemson,Clemson,Clemson,Clemson,Clemson
Cleveland State,Cleveland State,Cleveland State,Cleveland St.,Cleveland State,Cleveland State,Cleveland St.,Cleveland State
Coastal Carolina,Coastal Carolina,Coastal Carolina,Coastal Carolina,Coastal Carolina,Coastal Carolina,Coastal Carolina,Coastal Carolina
Colgate,Colgate,Colgate,Colgate,Colgate,Colgate,Colgate,Colgate
Colorado,Colorado,Colorado,Colorado,Colorado,Colorado,Colorado,Colorado
Colorado State,Colorado State,Colorado State,Colorado St.,Colorado State,Colorado State,Colorado St.,Colorado State
Columbia,Columbia,Columbia,Columbia,Columbia,Columbia,Columbia,Columbia
Connecticut,Connecticut,Connecticut,Connecticut,Connecticut,UConn,Connecticut,Connecticut
Coppin State,Coppin State,Coppin State,Coppin St.,Coppin State,Coppin State,Coppin St.,Coppin State
Cornell,Cornell,Cornell,Cornell,Cornell,Cornell,Cornell,Cornell
Creighton,Creighton,Creighton,Creighton,Creighton,Creighton,Creighton,Creighton
Dartmouth,Dartmouth,Dartmouth,Dartmouth,Dartmouth,Dartmouth,Dartmouth,Dartmouth
Davidson,Davidson,Davidson,Davidson,Davidson,Davidson,Davidson,Davidson
Dayton,Dayton,Dayton,Dayton,Dayton,Dayton,Dayton,Dayton
Delaware,Delaware,Delaware,Delaware,Delaware,Delaware,Delaware,Delaware
Delaware State,Delaware State,Delaware State,Delaware St.,Delaware State,Delaware State,Delaware St.,Delaware State
Denver,Denver,Denver,Denver,Denver,Denver,Denver,Denver
DePaul,DePaul,DePaul,DePaul,DePaul,DePaul,DePaul,DePaul
Detroit Mercy,Detroit Mercy,Detroit Mercy,Detroit Mercy,Detroit Mercy,Detroit Mercy,Detroit,Detroit Mercy
Drake,Drake,Drake,Drake,Drake,Drake,Drake,Drake
Drexel,Drexel,Drexel,Drexel,Drexel,Drexel,Drexel,Drexel
Duke,Duke,Duke,Duke,Duke,Duke,Duke,Duke
Duquesne,Duquesne,Duquesne,Duquesne,Duquesne,Duquesne,Duquesne,Duquesne
East Carolina,East Carolina,East Carolina,East Carolina,East Carolina,East Carolina,East Carolina,East Carolina
East Tennessee State,East Tennessee State,East Tennessee State,East Tennessee St.,East Tennessee State,East Tennessee State,ETSU,East Tennessee State
Eastern Illinois,Eastern Illinois,Eastern Illinois,Eastern Illinois,Eastern Illinois,Eastern Illinois,Eastern Illinois,Eastern Illinois
Eastern Kentucky,Eastern Kentucky,Eastern Kentucky,Eastern Kentucky,Eastern Kentucky,Eastern Kentucky,Eastern Kentucky,Eastern Kentucky
Eastern Michigan,Eastern Michigan,Eastern Michigan,Eastern Michigan,Eastern Michigan,Eastern Michigan,Eastern Michigan,Eastern Michigan
Eastern Washington,Eastern Washington,Eastern Washington,Eastern Washington,Eastern Washington,Eastern Washington,Eastern Washington,Eastern Washington
Elon,Elon,Elon,Elon,Elon,Elon,Elon,Elon
Evansville,Evansville,Evansville,Evansville,Evansville,Evansville,Evansville,Evansville
Fairfield,Fairfield,Fairfield,Fairfield,Fairfield,Fairfield,Fairfield,Fairfield
Fairleigh Dickinson,Fairleigh Dickinson,Fairleigh Dickinson,Fairleigh Dickinson,Fairleigh Dickinson,Fairleigh Dickinson,Fairleigh Dickinson,Fairleigh Dickinson
FIU,FIU,FIU,FIU,FIU,Florida International,FIU,FIU
Florida,Florida,Florida,Florida,Florida,Florida,Florida,Florida
Florida A&M,Florida A&M,Florida A&M,Florida A&M,Florida A&M,Florida A&M,Florida A&M,Florida A&M
Florida Atlantic,Florida Atlantic,Florida Atlantic,Florida Atlantic,Florida Atlantic,Florida Atlantic,Florida Atlantic,Florida Atlantic
Florida Gulf Coast,Florida Gulf Coast,Florida Gulf Coast,Florida Gulf Coast,Florida Gulf Coast,Florida Gulf Coast,Florida Gulf Coast,Florida Gulf Coast
Florida State,Florida State,Florida State,Florida St.,Florida State,Florida State,Florida St.,Florida State
Fordham,Fordham,Fordham,Fordham,Fordham,Fordham,Fordham,Fordham
Fresno State,Fresno State,Fresno State,Fresno St.,Fresno State,Fresno State,Fresno St.,Fresno State
Furman,Furman,Furman,Furman,Furman,Furman,Furman,Furman
Gardner-Webb,Gardner-Webb,Gardner-Webb,Gardner-Webb,Gardner-Webb,Gardner-Webb,Gardner-Webb,Gardner-Webb
George Mason,George Mason,George Mason,George Mason,George Mason,George Mason,George Mason,George Mason
George Washington,George Washington,George Washington,George Washington,George Washington,George Washington,George Washington,George Washington
Georgetown,Georgetown,Georgetown,Georgetown,Georgetown,Georgetown,Georgetown,Georgetown
Georgia,Georgia,Georgia,Georgia,Georgia,Georgia,Georgia,Georgia
Georgia Southern,Georgia Southern,Georgia Southern,Georgia Southern,Georgia Southern,Georgia Southern,Georgia Southern,Georgia Southern
Georgia State,Georgia State,Georgia State,Georgia St.,Georgia State,Georgia State,Georgia St.,Georgia State
Georgia Tech,Georgia Tech,Georgia Tech,Georgia Tech,Georgia Tech,Georgia Tech,Georgia Tech,Georgia Tech
Gonzaga,Gonzaga,Gonzaga,Gonzaga,Gonzaga,Gonzaga,Gonzaga,Gonzaga
Grambling,Grambling,Grambling,Grambling,Grambling State,Grambling,Grambling,Grambling
Grand Canyon,Grand Canyon,Grand Canyon,Grand Canyon,Grand Canyon,Grand Canyon,Grand Canyon,Grand Canyon
Green Bay,Green Bay,Green Bay,Green Bay,Green Bay,Green Bay,Green Bay,Green Bay
Hampton,Hampton,Hampton,Hampton,Hampton,Hampton,Hampton,Hampton
Hartford,Hartford,Hartford,Hartford,Hartford,Hartford,Hartford,Hartford
Harvard,Harvard,Harvard,Harvard,Harvard,Harvard,Harvard,Harvard
Hawaii,Hawaii,Hawai'i,Hawaii,Hawaii,Hawaii,Hawaii,Hawaii
High Point,High Point,High Point,High Point,High Point,High Point,High Point,High Point
Hofstra,Hofstra,Hofstra,Hofstra,Hofstra,Hofstra,Hofstra,Hofstra
Holy Cross,Holy Cross,Holy Cross,Holy Cross,Holy Cross,Holy Cross,Holy Cross,Holy Cross
Houston,Houston,Houston,Houston,Houston,Houston,Houston,Houston
Houston Christian,Houston Christian,Houston Christian,Houston Christian,Houston Christian,Houston Christian,Houston Christian,Houston Christian
Howard,Howard,Howard,Howard,Howard,Howard,Howard,Howard
Idaho,Idaho,Idaho,Idaho,Idaho,Idaho,Idaho,Idaho
Idaho State,Idaho State,Idaho State,Idaho St.,Idaho State,Idaho State,Idaho St.,Idaho State
Illinois,Illinois,Illinois,Illinois,Illinois,Illinois,Illinois,Illinois
Illinois State,Illinois State,Illinois State,Illinois St.,Illinois State,Illinois State,Illinois St.,Illinois State
Incarnate Word,Incarnate Word,Incarnate Word,Incarnate Word,Incarnate Word,Incarnate Word,Incarnate Word,Incarnate Word
Indiana,Indiana,Indiana,Indiana,Indiana,Indiana,Indiana,Indiana
Indiana State,Indiana State,Indiana State,Indiana St.,Indiana State,Indiana State,Indiana St.,Indiana State
Iona,Iona,Iona,Iona,Iona,Iona,Iona,Iona
Iowa,Iowa,Iowa,Iowa,Iowa,Iowa,Iowa,Iowa
Iowa State,Iowa State,Iowa State,Iowa St.,Iowa State,Iowa State,Iowa St.,Iowa State
IUPUI,IUPUI,IUPUI,IUPUI,IUPUI,IUPUI,IUPUI,IUPUI
Jackson State,Jackson State,Jackson State,Jackson St.,Jackson State,Jackson State,Jackson St.,Jackson State
Jacksonville,Jacksonville,Jacksonville,Jacksonville,Jacksonville,Jacksonville,Jacksonville,Jacksonville
Jacksonville State,Jacksonville State,Jacksonville State,Jacksonville St.,Jacksonville State,Jacksonville State,Jacksonville St.,Jacksonville State
James Madison,James Madison,James Madison,James Madison,James Madison,James Madison,James Madison,James Madison
Kansas,Kansas,Kansas,Kansas,Kansas,Kansas,Kansas,Kansas
Kansas City,Kansas City,UMKC,UMKC,Kansas City,Kansas City,UMKC,UMKC
Kansas State,Kansas State,Kansas State,Kansas St.,Kansas State,Kansas State,Kansas St.,Kansas State
Kennesaw State,Kennesaw State,Kennesaw State,Kennesaw St.,Kennesaw State,Kennesaw State,Kennesaw St.,Kennesaw State
Kent State,Kent State,Kent State,Kent St.,Kent State,Kent State,Kent St.,Kent State
Kentucky,Kentucky,Kentucky,Kentucky,Kentucky,Kentucky,Kentucky,Kentucky
La Salle,La Salle,La Salle,La Salle,La Salle,La Salle,La Salle,La Salle
Lafayette,Lafayette,Lafayette,Lafayette,Lafayette,Lafayette,Lafayette,Lafayette
Lamar,Lamar,Lamar,Lamar,Lamar,Lamar,Lamar,Lamar
Lehigh,Lehigh,Lehigh,Lehigh,Lehigh,Lehigh,Lehigh,Lehigh
Liberty,Liberty,Liberty,Liberty,Liberty,Liberty,Liberty,Liberty
Lipscomb,Lipscomb,Lipscomb,Lipscomb,Lipscomb,Lipscomb,Lipscomb,Lipscomb
Little Rock,Little Rock,Little Rock,Little Rock,Little Rock,Little Rock,Little Rock,Little Rock
Long Beach State,Long Beach State,Long Beach State,Long Beach St.,Long Beach State,Long Beach State,Long Beach St.,Long Beach State
Long Island,Long Island,LIU,LIU,Long Island,Long Island University,LIU,LIU
Longwood,Longwood,Longwood,Longwood,Longwood,Longwood,Longwood,Longwood
Louisiana,Louisiana,Louisiana,Louisiana,Louisiana,Louisiana,Louisiana,Louisiana
Louisiana Tech,Louisiana Tech,Louisiana Tech,Louisiana Tech,Louisiana Tech,Louisiana Tech,Louisiana Tech,Louisiana Tech
Louisville,Louisville,Louisville,Louisville,Louisville,Louisville,Louisville,Louisville
Loyola Chicago,Loyola Chicago,Loyola Chicago,Loyola Chicago,Loyola Chicago,Loyola Chicago,Loyola-Chicago,Loyola Chicago
Loyola Maryland,Loyola Maryland,Loyola Maryland,Loyola Maryland,Loyola Maryland,Loyola (MD),Loyola Maryland,Loyola Maryland
Loyola Marymount,Loyola Marymount,Loyola Marymount,Loyola Marymount,Loyola Marymount,Loyola Marymount,Loyola Marymount,Loyola Marymount
LSU,LSU,LSU,LSU,LSU,LSU,LSU,LSU
Maine,Maine,Maine,Maine,Maine,Maine,Maine,Maine
Manhattan,Manhattan,Manhattan,Manhattan,Manhattan,Manhattan,Manhattan,Manhattan
Marist,Marist,Marist,Marist,Marist,Marist,Marist,Marist
Marquette,Marquette,Marquette,Marquette,Marquette,Marquette,Marquette,Marquette
Marshall,Marshall,Marshall,Marshall,Marshall,Marshall,Marshall,Marshall
Maryland,Maryland,Maryland,Maryland,Maryland,Maryland,Maryland,Maryland
Maryland-Eastern Shore,Maryland-Eastern Shore,Maryland-Eastern Shore,Maryland-Eastern Shore,Maryland-Eastern Shore,Maryland-Eastern Shore,Maryland E.S.,Maryland-Eastern Shore
Massachusetts,Massachusetts,Massachusetts,Massachusetts,Massachusetts,UMass,Massachusetts,Massachusetts
McNeese,McNeese,McNeese,McNeese,McNeese State,McNeese,McNeese,McNeese
Memphis,Memphis,Memphis,Memphis,Memphis,Memphis,Memphis,Memphis
Mercer,Mercer,Mercer,Mercer,Mercer,Mercer,Mercer,Mercer
Merrimack,Merrimack,Merrimack,Merrimack,Merrimack,Merrimack,Merrimack,Merrimack
Miami,Miami,Miami,Miami FL,Miami,Miami,Miami FL,Miami FL
Miami (OH),Miami (OH),Miami (OH),Miami OH,Miami (OH),Miami (Ohio),Miami OH,Miami OH
Michigan,Michigan,Michigan,Michigan,Michigan,Michigan,Michigan,Michigan
Michigan State,Michigan State,Michigan State,Michigan St.,Michigan State,Michigan State,Michigan St.,Michigan State
Middle Tennessee,Middle Tennessee,Middle Tennessee,Middle Tennessee,Middle Tennessee,Middle Tennessee,Middle Tennessee,Middle Tennessee
Milwaukee,Milwaukee,Milwaukee,Milwaukee,Milwaukee,Milwaukee,Milwaukee,Milwaukee
Minnesota,Minnesota,Minnesota,Minnesota,Minnesota,Minnesota,Minnesota,Minnesota
Mississippi State,Mississippi State,Mississippi State,Mississippi St.,Mississippi State,Mississippi State,Mississippi St.,Mississippi State
Mississippi Valley State,Mississippi Valley State,Mississippi Valley State,Mississippi Valley St.,Mississippi Valley State,Mississippi Valley State,Miss. Valley St.,Mississippi Valley State
Missouri,Missouri,Missouri,Missouri,Missouri,Missouri,Missouri,Missouri
Missouri State,Missouri State,Missouri State,Missouri St.,Missouri State,Missouri State,Missouri St.,Missouri State
Monmouth,Monmouth,Monmouth,Monmouth,Monmouth,Monmouth,Monmouth,Monmouth
Montana,Montana,Montana,Montana,Montana,Montana,Montana,Montana
Montana State,Montana State,Montana State,Montana St.,Montana State,Montana State,Montana St.,Montana State
Morehead State,Morehead State,Morehead State,Morehead St.,Morehead State,Morehead State,Morehead St.,Morehead State
Morgan State,Morgan State,Morgan State,Morgan St.,Morgan State,Morgan State,Morgan St.,Morgan State
Mount St. Mary's,Mount St. Mary's,Mount St. Mary's,Mount St. Mary's,Mount St. Mary's,Mount St. Mary's,Mt. St. Mary's,Mount St. Mary's
Murray State,Murray State,Murray State,Murray St.,Murray State,Murray State,Murray St.,Murray State
Navy,Navy,Navy,Navy,Navy,Navy,Navy,Navy
NC State,NC State,NC State,NC State,NC State,NC State,NC State,NC State
Nebraska,Nebraska,Nebraska,Nebraska,Nebraska,Nebraska,Nebraska,Nebraska
Nevada,Nevada,Nevada,Nevada,Nevada,Nevada,Nevada,Nevada
New Hampshire,New Hampshire,New Hampshire,New Hampshire,New Hampshire,New Hampshire,New Hampshire,New Hampshire
New Mexico,New Mexico,New Mexico,New Mexico,New Mexico,New Mexico,New Mexico,New Mexico
New Mexico State,New Mexico State,New Mexico State,New Mexico St.,New Mexico State,New Mexico State,New Mexico St.,New Mexico State
New Orleans,New Orleans,New Orleans,New Orleans,New Orleans,New Orleans,New Orleans,New Orleans
Niagara,Niagara,Niagara,Niagara,Niagara,Niagara,Niagara,Niagara
Nicholls,Nicholls,Nicholls,Nicholls St.,Nicholls State,Nicholls State,Nicholls St.,Nicholls State
NJIT,NJIT,NJIT,NJIT,NJIT,NJIT,NJIT,NJIT
Norfolk State,Norfolk State,Norfolk State,Norfolk St.,Norfolk State,Norfolk State,Norfolk St.,Norfolk State
North Alabama,North Alabama,North Alabama,North Alabama,North Alabama,North Alabama,North Alabama,North Alabama
North Carolina,North Carolina,North Carolina,North Carolina,North Carolina,North Carolina,North Carolina,North Carolina
North Carolina A&T,North Carolina A&T,North Carolina A&T,North Carolina A&T,North Carolina A&T,North Carolina A&T,NC A&T,North Carolina A&T
North Carolina Central,North Carolina Central,North Carolina Central,North Carolina Central,North Carolina Central,North Carolina Central,NC Central,North Carolina Central
North Dakota,North Dakota,North Dakota,North Dakota,North Dakota,North Dakota,North Dakota,North Dakota
North Dakota State,North Dakota State,North Dakota State,North Dakota St.,North Dakota State,North Dakota State,North Dakota St.,North Dakota State
North Florida,North Florida,North Florida,North Florida,North Florida,North Florida,North Florida,North Florida
North Texas,North Texas,North Texas,North Texas,North Texas,North Texas,North Texas,North Texas
Northeastern,Northeastern,Northeastern,Northeastern,Northeastern,Northeastern,Northeastern,Northeastern
Northern Arizona,Northern Arizona,Northern Arizona,Northern Arizona,Northern Arizona,Northern Arizona,Northern Arizona,Northern Arizona
Northern Colorado,Northern Colorado,Northern Colorado,Northern Colorado,Northern Colorado,Northern Colorado,Northern Colorado,Northern Colorado
Northern Illinois,Northern Illinois,Northern Illinois,Northern Illinois,Northern Illinois,Northern Illinois,Northern Illinois,Northern Illinois
Northern Iowa,Northern Iowa,Northern Iowa,Northern Iowa,Northern Iowa,Northern Iowa,Northern Iowa,Northern Iowa
Northern Kentucky,Northern Kentucky,Northern Kentucky,Northern Kentucky,Northern Kentucky,Northern Kentucky,Northern Kentucky,Northern Kentucky
Northwestern,Northwestern,Northwestern,Northwestern,Northwestern,Northwestern,Northwestern,Northwestern
Northwestern State,Northwestern State,Northwestern State,Northwestern St.,Northwestern State,Northwestern State,Northwestern St.,Northwestern State
Notre Dame,Notre Dame,Notre Dame,Notre Dame,Notre Dame,Notre Dame,Notre Dame,Notre Dame
Oakland,Oakland,Oakland,Oakland,Oakland,Oakland,Oakland,Oakland
Ohio,Ohio,Ohio,Ohio,Ohio,Ohio,Ohio,Ohio
Ohio State,Ohio State,Ohio State,Ohio St.,Ohio State,Ohio State,Ohio St.,Ohio State
Oklahoma,Oklahoma,Oklahoma,Oklahoma,Oklahoma,Oklahoma,Oklahoma,Oklahoma
Oklahoma State,Oklahoma State,Oklahoma State,Oklahoma St.,Oklahoma State,Oklahoma State,Oklahoma St.,Oklahoma State
Old Dominion,Old Dominion,Old Dominion,Old Dominion,Old Dominion,Old Dominion,Old Dominion,Old Dominion
Ole Miss,Ole Miss,Ole Miss,Mississippi,Ole Miss,Ole Miss,Mississippi,Ole Miss
Omaha,Omaha,Omaha,Nebraska Omaha,Omaha,Omaha,Nebraska-Omaha,Omaha
Oral Roberts,Oral Roberts,Oral Roberts,Oral Roberts,Oral Roberts,Oral Roberts,Oral Roberts,Oral Roberts
Oregon,Oregon,Oregon,Oregon,Oregon,Oregon,Oregon,Oregon
Oregon State,Oregon State,Oregon State,Oregon St.,Oregon State,Oregon State,Oregon St.,Oregon State
Pacific,Pacific,Pacific,Pacific,Pacific,Pacific,Pacific,Pacific
Penn,Penn,Penn,Penn,Penn,Pennsylvania,Penn,Penn
Penn State,Penn State,Penn State,Penn St.,Penn State,Penn State,Penn St.,Penn State
Pepperdine,Pepperdine,Pepperdine,Pepperdine,Pepperdine,Pepperdine,Pepperdine,Pepperdine
Pittsburgh,Pittsburgh,Pittsburgh,Pittsburgh,Pittsburgh,Pittsburgh,Pittsburgh,Pittsburgh
Portland,Portland,Portland,Portland,Portland,Portland,Portland,Portland
Portland State,Portland State,Portland State,Portland St.,Portland State,Portland State,Portland St.,Portland State
Prairie View A&M,Prairie View A&M,Prairie View A&M,Prairie View A&M,Prairie View A&M,Prairie View A&M,Prairie View A&M,Prairie View A&M
Presbyterian,Presbyterian,Presbyterian,Presbyterian,Presbyterian,Presbyterian,Presbyterian,Presbyterian
Princeton,Princeton,Princeton,Princeton,Princeton,Princeton,Princeton,Princeton
Providence,Providence,Providence,Providence,Providence,Providence,Providence,Providence
Purdue,Purdue,Purdue,Purdue,Purdue,Purdue,Purdue,Purdue
Purdue Fort Wayne,Purdue Fort Wayne,Purdue Fort Wayne,Purdue Fort Wayne,Purdue Fort Wayne,Purdue Fort Wayne,Purdue Fort Wayne,Purdue Fort Wayne
Quinnipiac,Quinnipiac,Quinnipiac,Quinnipiac,Quinnipiac,Quinnipiac,Quinnipiac,Quinnipiac
Radford,Radford,Radford,Radford,Radford,Radford,Radford,Radford
Rhode Island,Rhode Island,Rhode Island,Rhode Island,Rhode Island,Rhode Island,Rhode Island,Rhode Island
Rice,Rice,Rice,Rice,Rice,Rice,Rice,Rice
Richmond,Richmond,Richmond,Richmond,Richmond,Richmond,Richmond,Richmond
Rider,Rider,Rider,Rider,Rider,Rider,Rider,Rider
Robert Morris,Robert Morris,Robert Morris,Robert Morris,Robert Morris,Robert Morris,Robert Morris,Robert Morris
Rutgers,Rutgers,Rutgers,Rutgers,Rutgers,Rutgers,Rutgers,Rutgers
Sacramento State,Sacramento State,Sacramento State,Sacramento St.,Sacramento State,Sacramento State,Sacramento St.,Sacramento State
Sacred Heart,Sacred Heart,Sacred Heart,Sacred Heart,Sacred Heart,Sacred Heart,Sacred Heart,Sacred Heart
Saint Joseph's,Saint Joseph's,Saint Joseph's,Saint Joseph's,Saint Joseph's,Saint Joseph's,Saint Joseph's,Saint Joseph's
Saint Louis,Saint Louis,Saint Louis,Saint Louis,Saint Louis,Saint Louis,Saint Louis,Saint Louis
Saint Mary's,Saint Mary's,Saint Mary's,Saint Mary's,Saint Mary's,Saint Mary's (Cal.),Saint Mary's,Saint Mary's
Saint Peter's,Saint Peter's,Saint Peter's,Saint Peter's,Saint Peter's,Saint Peter's,Saint Peter's,Saint Peter's
Sam Houston,Sam Houston,Sam Houston,Sam Houston St.,Sam Houston State,Sam Houston,Sam Houston St.,Sam Houston State
Samford,Samford,Samford,Samford,Samford,Samford,Samford,Samford
San Diego,San Diego,San Diego,San Diego,San Diego,San Diego,San Diego,San Diego
San Diego State,San Diego State,San Diego State,San Diego St.,San Diego State,San Diego State,San Diego St.,San Diego State
San Francisco,San Francisco,San Francisco,San Francisco,San Francisco,San Francisco,San Francisco,San Francisco
San Jose State,San Jose State,San Jose State,San Jose St.,San Jose State,San Jose State,San Jose St.,San Jose State
Santa Clara,Santa Clara,Santa Clara,Santa Clara,Santa Clara,Santa Clara,Santa Clara,Santa Clara
Seattle,Seattle,Seattle U,Seattle,Seattle U,Seattle,Seattle,Seattle
Seton Hall,Seton Hall,Seton Hall,Seton Hall,Seton Hall,Seton Hall,Seton Hall,Seton Hall
Siena,Siena,Siena,Siena,Siena,Siena,Siena,Siena
SMU,SMU,SMU,SMU,SMU,SMU,SMU,SMU
South Alabama,South Alabama,South Alabama,South Alabama,South Alabama,South Alabama,South Alabama,South Alabama
South Carolina,South Carolina,South Carolina,South Carolina,South Carolina,South Carolina,South Carolina,South Carolina
South Carolina State,South Carolina State,South Carolina State,South Carolina St.,South Carolina State,South Carolina State,South Carolina St.,South Carolina State
South Carolina Upstate,South Carolina Upstate,USC Upstate,USC Upstate,South Carolina Upstate,USC Upstate,USC Upstate,USC Upstate
South Dakota,South Dakota,South Dakota,South Dakota,South Dakota,South Dakota,South Dakota,South Dakota
South Dakota State,South Dakota State,South Dakota State,South Dakota St.,South Dakota State,South Dakota State,South Dakota St.,South Dakota State
South Florida,South Florida,South Florida,South Florida,South Florida,South Florida,South Florida,South Florida
Southeast Missouri State,Southeast Missouri State,Southeast Missouri State,Southeast Missouri St.,Southeast Missouri State,Southeast Missouri State,Southeast Missouri,Southeast Missouri State
Southeastern Louisiana,Southeastern Louisiana,Southeastern Louisiana,Southeastern Louisiana,Southeastern Louisiana,Southeastern Louisiana,SE Louisiana,Southeastern Louisiana
Southern,Southern,Southern,Southern,Southern University,Southern,Southern,Southern
Southern Illinois,Southern Illinois,Southern Illinois,Southern Illinois,Southern Illinois,Southern Illinois,Southern Illinois,Southern Illinois
Southern Indiana,Southern Indiana,Southern Indiana,Southern Indiana,Southern Indiana,Southern Indiana,Southern Indiana,Southern Indiana
Southern Miss,Southern Miss,Southern Miss,Southern Miss,Southern Miss,Southern Miss,Southern Miss,Southern Miss
Southern Utah,Southern Utah,Southern Utah,Southern Utah,Southern Utah,Southern Utah,Southern Utah,Southern Utah
St. Bonaventure,St. Bonaventure,St. Bonaventure,St. Bonaventure,St. Bonaventure,St. Bonaventure,St. Bonaventure,St. Bonaventure
St. Francis (PA),St. Francis (PA),Saint Francis,Saint Francis,St. Francis (PA),Saint Francis (PA),Saint Francis PA,Saint Francis PA
St. John's,St. John's,St. John's,St. John's,St. John's,St. John's,St. John's,St. John's
St. Thomas,St. Thomas,St. Thomas (MN),St. Thomas,St. Thomas,St. Thomas,St. Thomas,St. Thomas
Stanford,Stanford,Stanford,Stanford,Stanford,Stanford,Stanford,Stanford
Stephen F. Austin,Stephen F. Austin,Stephen F. Austin,Stephen F. Austin,Stephen F. Austin,Stephen F. Austin,Stephen F. Austin,Stephen F. Austin
Stetson,Stetson,Stetson,Stetson,Stetson,Stetson,Stetson,Stetson
Stonehill,Stonehill,Stonehill,Stonehill,Stonehill,Stonehill,Stonehill,Stonehill
Stony Brook,Stony Brook,Stony Brook,Stony Brook,Stony Brook,Stony Brook,Stony Brook,Stony Brook
Syracuse,Syracuse,Syracuse,Syracuse,Syracuse,Syracuse,Syracuse,Syracuse
Tarleton State,Tarleton State,Tarleton State,Tarleton St.,Tarleton State,Tarleton State,Tarleton St.,Tarleton State
TCU,TCU,TCU,TCU,TCU,TCU,TCU,TCU
Temple,Temple,Temple,Temple,Temple,Temple,Temple,Temple
Tennessee,Tennessee,Tennessee,Tennessee,Tennessee,Tennessee,Tennessee,Tennessee
Tennessee State,Tennessee State,Tennessee State,Tennessee St.,Tennessee State,Tennessee State,Tennessee St.,Tennessee State
Tennessee Tech,Tennessee Tech,Tennessee Tech,Tennessee Tech,Tennessee Tech,Tennessee Tech,Tennessee Tech,Tennessee Tech
Texas,Texas,Texas,Texas,Texas,Texas,Texas,Texas
Texas A&M,Texas A&M,Texas A&M,Texas A&M,Texas A&M,Texas A&M,Texas A&M,Texas A&M
Texas A&M-CC,Texas A&M-CC,Texas A&M-Corpus Christi,Texas A&M Corpus Christi,Texas A&M-CC,Texas A&M-Corpus Christi,Texas A&M-CC,Texas A&M-Corpus Christi
Texas Southern,Texas Southern,Texas Southern,Texas Southern,Texas Southern,Texas Southern,Texas Southern,Texas Southern
Texas State,Texas State,Texas State,Texas St.,Texas State,Texas State,Texas St.,Texas State
Texas Tech,Texas Tech,Texas Tech,Texas Tech,Texas Tech,Texas Tech,Texas Tech,Texas Tech
The Citadel,The Citadel,The Citadel,The Citadel,The Citadel,The Citadel,The Citadel,The Citadel
Toledo,Toledo,Toledo,Toledo,Toledo,Toledo,Toledo,Toledo
Towson,Towson,Towson,Towson,Towson,Towson,Towson,Towson
Troy,Troy,Troy,Troy,Troy,Troy,Troy,Troy
Tulane,Tulane,Tulane,Tulane,Tulane,Tulane,Tulane,Tulane
Tulsa,Tulsa,Tulsa,Tulsa,Tulsa,Tulsa,Tulsa,Tulsa
UAB,UAB,UAB,UAB,UAB,UAB,UAB,UAB
UC Davis,UC Davis,UC Davis,UC Davis,UC Davis,UC Davis,UC Davis,UC Davis
UC Irvine,UC Irvine,UC Irvine,UC Irvine,UC Irvine,UC Irvine,UC Irvine,UC Irvine
UC Riverside,UC Riverside,UC Riverside,UC Riverside,UC Riverside,UC Riverside,UC Riverside,UC Riverside
UC San Diego,UC San Diego,UC San Diego,UC San Diego,UC San Diego,UC San Diego,UC San Diego,UC San Diego
UC Santa Barbara,UC Santa Barbara,UC Santa Barbara,UC Santa Barbara,UC Santa Barbara,UC Santa Barbara,UC Santa Barbara,UC Santa Barbara
UCF,UCF,UCF,UCF,UCF,UCF,UCF,UCF
UCLA,UCLA,UCLA,UCLA,UCLA,UCLA,UCLA,UCLA
UMass Lowell,UMass Lowell,UMass Lowell,UMass Lowell,UMass Lowell,UMass Lowell,UMass Lowell,UMass Lowell
UMBC,UMBC,UMBC,UMBC,UMBC,UMBC,UMBC,UMBC
UNC Asheville,UNC Asheville,UNC Asheville,UNC Asheville,UNC Asheville,UNC Asheville,UNC Asheville,UNC Asheville
UNC Greensboro,UNC Greensboro,UNC Greensboro,UNC Greensboro,UNC Greensboro,UNC Greensboro,UNC Greensboro,UNC Greensboro
UNC Wilmington,UNC Wilmington,UNC Wilmington,UNC Wilmington,UNC Wilmington,UNC Wilmington,UNC Wilmington,UNC Wilmington
UNLV,UNLV,UNLV,UNLV,UNLV,UNLV,UNLV,UNLV
USC,USC,USC,USC,USC,USC,USC,USC
UT Arlington,UT Arlington,UT Arlington,UT Arlington,UT Arlington,UT Arlington,UT Arlington,UT Arlington
UT Martin,UT Martin,UT Martin,UT Martin,UT Martin,UT Martin,UT Martin,UT Martin
UT Rio Grande Valley,UT Rio Grande Valley,UT Rio Grande Valley,UT Rio Grande Valley,UT Rio Grande Valley,UT Rio Grande Valley,UTRGV,UT Rio Grande Valley
Utah,Utah,Utah,Utah,Utah,Utah,Utah,Utah
Utah State,Utah State,Utah State,Utah St.,Utah State,Utah State,Utah St.,Utah State
Utah Tech,Utah Tech,Utah Tech,Utah Tech,Utah Tech,Utah Tech,Utah Tech,Utah Tech
Utah Valley,Utah Valley,Utah Valley,Utah Valley,Utah Valley,Utah Valley,Utah Valley,Utah Valley
UTEP,UTEP,UTEP,UTEP,UTEP,UTEP,UTEP,UTEP
UTSA,UTSA,UTSA,UTSA,UTSA,UTSA,UTSA,UTSA
Valparaiso,Valparaiso,Valparaiso,Valparaiso,Valparaiso,Valparaiso,Valparaiso,Valparaiso
Vanderbilt,Vanderbilt,Vanderbilt,Vanderbilt,Vanderbilt,Vanderbilt,Vanderbilt,Vanderbilt
Vermont,Vermont,Vermont,Vermont,Vermont,Vermont,Vermont,Vermont
Villanova,Villanova,Villanova,Villanova,Villanova,Villanova,Villanova,Villanova
VCU,VCU,VCU,VCU,VCU,VCU,VCU,VCU
Virginia,Virginia,Virginia,Virginia,Virginia,Virginia,Virginia,Virginia
Virginia Tech,Virginia Tech,Virginia Tech,Virginia Tech,Virginia Tech,Virginia Tech,Virginia Tech,Virginia Tech
VMI,VMI,VMI,VMI,VMI,VMI,VMI,VMI
Wagner,Wagner,Wagner,Wagner,Wagner,Wagner,Wagner,Wagner
Wake Forest,Wake Forest,Wake Forest,Wake Forest,Wake Forest,Wake Forest,Wake Forest,Wake Forest
Washington,Washington,Washington,Washington,Washington,Washington,Washington,Washington
Washington State,Washington State,Washington State,Washington St.,Washington State,Washington State,Washington St.,Washington State
Weber State,Weber State,Weber State,Weber St.,Weber State,Weber State,Weber St.,Weber State
West Virginia,West Virginia,West Virginia,West Virginia,West Virginia,West Virginia,West Virginia,West Virginia
Western Carolina,Western Carolina,Western Carolina,Western Carolina,Western Carolina,Western Carolina,Western Carolina,Western Carolina
Western Illinois,Western Illinois,Western Illinois,Western Illinois,Western Illinois,Western Illinois,Western Illinois,Western Illinois
Western Kentucky,Western Kentucky,Western Kentucky,Western Kentucky,Western Kentucky,Western Kentucky,Western Kentucky,Western Kentucky
Western Michigan,Western Michigan,Western Michigan,Western Michigan,Western Michigan,Western Michigan,Western Michigan,Western Michigan
Wichita State,Wichita State,Wichita State,Wichita St.,Wichita State,Wichita State,Wichita St.,Wichita State
William & Mary,William & Mary,William & Mary,William & Mary,William & Mary,William & Mary,William & Mary,William & Mary
Winthrop,Winthrop,Winthrop,Winthrop,Winthrop,Winthrop,Winthrop,Winthrop
Wisconsin,Wisconsin,Wisconsin,Wisconsin,Wisconsin,Wisconsin,Wisconsin,Wisconsin
Wofford,Wofford,Wofford,Wofford,Wofford,Wofford,Wofford,Wofford
Wright State,Wright State,Wright State,Wright St.,Wright State,Wright State,Wright St.,Wright State
Wyoming,Wyoming,Wyoming,Wyoming,Wyoming,Wyoming,Wyoming,Wyoming
Xavier,Xavier,Xavier,Xavier,Xavier,Xavier,Xavier,Xavier
Yale,Yale,Yale,Yale,Yale,Yale,Yale,Yale
Youngstown State,Youngstown State,Youngstown State,Youngstown St.,Youngstown State,Youngstown State,Youngstown St.,Youngstown State
Le Moyne,Le Moyne,Le Moyne,Le Moyne,Le Moyne,Le Moyne,Le Moyne,Le Moyne
Queens,Queens,Queens,Queens,Queens,Queens,Queens,Queens
Lindenwood,Lindenwood,Lindenwood,Lindenwood,Lindenwood,Lindenwood,Lindenwood,Lindenwood
Texas A&M-Commerce,Texas A&M-Commerce,Texas A&M-Commerce,Texas A&M Commerce,Texas A&M-Commerce,Texas A&M-Commerce,Texas A&M-Commerce,Texas A&M-Commerce
West Georgia,West Georgia,West Georgia,West Georgia,West Georgia,West Georgia,West Georgia,West Georgia
